DATE ADDED TO CATALOG	PUBMEDID	FIRST AUTHOR	DATE	JOURNAL	LINK	STUDY	DISEASE/TRAIT	INITIAL SAMPLE SIZE	REPLICATION SAMPLE SIZE	REGION	CHR_ID	CHR_POS	REPORTED GENE(S)	MAPPED_GENE	UPSTREAM_GENE_ID	DOWNSTREAM_GENE_ID	SNP_GENE_IDS	UPSTREAM_GENE_DISTANCE	DOWNSTREAM_GENE_DISTANCE	STRONGEST SNP-RISK ALLELE	SNPS	MERGED	SNP_ID_CURRENT	CONTEXT	INTERGENIC	RISK ALLELE FREQUENCY	P-VALUE	PVALUE_MLOG	P-VALUE (TEXT)	OR or BETA	95% CI (TEXT)	PLATFORM [SNPS PASSING QC]	CNV
2009-05-19	19430479	Levy D	2009-05-10	Nat Genet	www.ncbi.nlm.nih.gov/pubmed/19430479	Genome-wide association study of blood pressure and hypertension.	Hypertension	29,136 European ancestry individuals	34,433 European ancestry individuals	8p23.1	8	10214110	MSRA	MSRA			4482			rs11775334-A	rs11775334	0	11775334	intron_variant	0	0.32	4E-6	5.3979400086720375		0.08	[0.04-0.12] log odds increase	Affymetrix, Illumina [2533153] (imputed)	N
2009-05-19	19430479	Levy D	2009-05-10	Nat Genet	www.ncbi.nlm.nih.gov/pubmed/19430479	Genome-wide association study of blood pressure and hypertension.	Hypertension	29,136 European ancestry individuals	34,433 European ancestry individuals	10p12.31	10	18419869	CACNB2	CACNB2			783			rs11014166-A	rs11014166	0	11014166	intron_variant	0	0.66	6E-8	7.221848749616356		0.09	[0.05-0.13] log odds increase	Affymetrix, Illumina [2533153] (imputed)	N
2009-05-19	19430479	Levy D	2009-05-10	Nat Genet	www.ncbi.nlm.nih.gov/pubmed/19430479	Genome-wide association study of blood pressure and hypertension.	Hypertension	29,136 European ancestry individuals	34,433 European ancestry individuals	12q21.33	12	89615182	ATP2B1	ATP2B1			490			rs2681472-A	rs2681472	0	2681472	intron_variant	0	0.83	2E-11	10.698970004336019		0.15	[0.11-0.19] log odds increase	Affymetrix, Illumina [2533153] (imputed)	N
2009-05-19	19430479	Levy D	2009-05-10	Nat Genet	www.ncbi.nlm.nih.gov/pubmed/19430479	Genome-wide association study of blood pressure and hypertension.	Hypertension	29,136 European ancestry individuals	34,433 European ancestry individuals	20q13.32	20	59183665	EDN3, ZNF831	ZNF831			128611			rs16982520-A	rs16982520	0	16982520	intron_variant	0	0.88	2E-7	6.698970004336019		0.13	[0.09-0.17] log odds decrease	Affymetrix, Illumina [2533153] (imputed)	N
2009-08-12	19609347	Adeyemo A	2009-07-17	PLoS Genet	www.ncbi.nlm.nih.gov/pubmed/19609347	A genome-wide association study of hypertension and blood pressure in African Americans.	Hypertension	509 African American cases, 508 African American controls	366 West African ancestry cases, 614 West African ancestry controls	4q23	4	99401288	ADH7	LOC102723576			102723576			rs991316-T	rs991316	0	991316	intergenic_variant	0	0.45	5E-6	5.301029995663981		1.62	[NR]	Affymetrix [808465]	N
2009-08-12	19609347	Adeyemo A	2009-07-17	PLoS Genet	www.ncbi.nlm.nih.gov/pubmed/19609347	A genome-wide association study of hypertension and blood pressure in African Americans.	Hypertension	509 African American cases, 508 African American controls	366 West African ancestry cases, 614 West African ancestry controls	15q21.3	15	57921216	ALDH1A2	LOC107984724 - ALDH1A2	107984724	8854		53426	32208	rs1550576-?	rs1550576	0	1550576	intergenic_variant	1	0.86	3E-6	5.522878745280337		1.92	[NR]	Affymetrix [808465]	N
2010-12-16	21082022	Padmanabhan S	2010-10-28	PLoS Genet	www.ncbi.nlm.nih.gov/pubmed/21082022	Genome-wide association study of blood pressure extremes identifies variant near UMOD associated with hypertension.	Hypertension	1,621 extreme cases, 1,699 controls	19,845 extreme cases, 16,541 controls	16p12.3	16	20354332	UMOD	UMOD			7369			rs13333226-A	rs13333226	0	13333226	intron_variant	0	0.81	4E-11	10.397940008672037		1.15	[1.10-1.19]	Illumina [521220] (imputed)	N
2012-03-20	22384028	Guo Y	2012-02-24	PLoS One	www.ncbi.nlm.nih.gov/pubmed/22384028	A genome-wide linkage and association scan reveals novel loci for hypertension and blood pressure traits.	Hypertension	315 Hong Kong Chinese ancestry individuals from 111 families	NA	5q31.1	5	133686160	FSTL4	FSTL4			23105			rs6596140-T	rs6596140	0	6596140	intergenic_variant	0	0.34	9E-8	7.045757490560675				Illumina [503984]	N
2012-03-20	22384028	Guo Y	2012-02-24	PLoS One	www.ncbi.nlm.nih.gov/pubmed/22384028	A genome-wide linkage and association scan reveals novel loci for hypertension and blood pressure traits.	Hypertension	315 Hong Kong Chinese ancestry individuals from 111 families	NA	4q22.3	4	94935530	NR	BMPR1B			658			rs10021303-A	rs10021303	0	10021303	intron_variant	0	0.31	7E-6	5.154901959985743				Illumina [503984]	N
2012-03-20	22384028	Guo Y	2012-02-24	PLoS One	www.ncbi.nlm.nih.gov/pubmed/22384028	A genome-wide linkage and association scan reveals novel loci for hypertension and blood pressure traits.	Hypertension	315 Hong Kong Chinese ancestry individuals from 111 families	NA	9p13.1	9	38456368	NR	ARMC8P1 - TCEA1P3	100130871	340501		1998	21916	rs1110183-G	rs1110183	0	1110183	intron_variant	1	0.46	8E-6	5.096910013008056				Illumina [503984]	N
2015-06-23	25249183	Lu X	2014-09-23	Hum Mol Genet	www.ncbi.nlm.nih.gov/pubmed/25249183	Genome-wide association study in Chinese identifies novel loci for blood pressure and hypertension.	Hypertension	5,065 Han Chinese ancestry cases, 4,404 Han Chinese ancestry controls	29,799 Han Chinese ancestry cases, 39,347 Han Chinese ancestry controls	3p21.1	3	53601568	CACNA1D	CACNA1D			776			rs9810888-G	rs9810888	0	9810888	intron_variant	0	0.39	4E-6	5.3979400086720375				Affymetrix, Illumina [2485448] (imputed)	N
2015-06-23	25249183	Lu X	2014-09-23	Hum Mol Genet	www.ncbi.nlm.nih.gov/pubmed/25249183	Genome-wide association study in Chinese identifies novel loci for blood pressure and hypertension.	Hypertension	5,065 Han Chinese ancestry cases, 4,404 Han Chinese ancestry controls	29,799 Han Chinese ancestry cases, 39,347 Han Chinese ancestry controls	6p21.33	6	32077074	CYP21A2	TNXB			7148			rs2021783-C	rs2021783	0	2021783	intron_variant	0	0.79	4E-11	10.397940008672037				Affymetrix, Illumina [2485448] (imputed)	N
2015-06-23	25249183	Lu X	2014-09-23	Hum Mol Genet	www.ncbi.nlm.nih.gov/pubmed/25249183	Genome-wide association study in Chinese identifies novel loci for blood pressure and hypertension.	Hypertension	5,065 Han Chinese ancestry cases, 4,404 Han Chinese ancestry controls	29,799 Han Chinese ancestry cases, 39,347 Han Chinese ancestry controls	12q24.21	12	115760536	MED13L	LOC105370003			105370003			rs11067763-A	rs11067763	0	11067763	intron_variant	0	0.62	1E-7	7.0				Affymetrix, Illumina [2485448] (imputed)	N
2015-06-23	25249183	Lu X	2014-09-23	Hum Mol Genet	www.ncbi.nlm.nih.gov/pubmed/25249183	Genome-wide association study in Chinese identifies novel loci for blood pressure and hypertension.	Hypertension	5,065 Han Chinese ancestry cases, 4,404 Han Chinese ancestry controls	29,799 Han Chinese ancestry cases, 39,347 Han Chinese ancestry controls	3p24.1	3	27507409	SLC4A7	UBA52P4 - LOC105377005	100271030	105377005		20712	5205	rs820430-A	rs820430	0	820430	intergenic_variant	1	0.32	1E-6	6.0				Affymetrix, Illumina [2485448] (imputed)	N
2015-06-23	25249183	Lu X	2014-09-23	Hum Mol Genet	www.ncbi.nlm.nih.gov/pubmed/25249183	Genome-wide association study in Chinese identifies novel loci for blood pressure and hypertension.	Hypertension	5,065 Han Chinese ancestry cases, 4,404 Han Chinese ancestry controls	29,799 Han Chinese ancestry cases, 39,347 Han Chinese ancestry controls	1p36.22	1	10736809	CASZ1	CASZ1			54897			rs880315-C	rs880315	0	880315	intron_variant	0	0.63	2E-9	8.698970004336019				Affymetrix, Illumina [2485448] (imputed)	N
2015-06-23	25249183	Lu X	2014-09-23	Hum Mol Genet	www.ncbi.nlm.nih.gov/pubmed/25249183	Genome-wide association study in Chinese identifies novel loci for blood pressure and hypertension.	Hypertension	5,065 Han Chinese ancestry cases, 4,404 Han Chinese ancestry controls	29,799 Han Chinese ancestry cases, 39,347 Han Chinese ancestry controls	1p13.2	1	112646431	MOV10	CAPZA1			829			rs10745332-A	rs10745332	0	10745332	intron_variant	0	0.82	3E-9	8.522878745280337				Affymetrix, Illumina [2485448] (imputed)	N
2015-06-23	25249183	Lu X	2014-09-23	Hum Mol Genet	www.ncbi.nlm.nih.gov/pubmed/25249183	Genome-wide association study in Chinese identifies novel loci for blood pressure and hypertension.	Hypertension	5,065 Han Chinese ancestry cases, 4,404 Han Chinese ancestry controls	29,799 Han Chinese ancestry cases, 39,347 Han Chinese ancestry controls	4q21.21	4	80236549	FGF5	PRDM8 - FGF5	56978	2250		32220	30039	rs1902859-C	rs1902859	0	1902859	intergenic_variant	1	0.41	8E-18	17.096910013008056				Affymetrix, Illumina [2485448] (imputed)	N
2015-06-23	25249183	Lu X	2014-09-23	Hum Mol Genet	www.ncbi.nlm.nih.gov/pubmed/25249183	Genome-wide association study in Chinese identifies novel loci for blood pressure and hypertension.	Hypertension	5,065 Han Chinese ancestry cases, 4,404 Han Chinese ancestry controls	29,799 Han Chinese ancestry cases, 39,347 Han Chinese ancestry controls	4q32.1	4	155698052	GUCY1A3	GUCY1A3			2982			rs13143871-T	rs13143871	0	13143871	intron_variant	0	0.8	1E-6	6.0				Affymetrix, Illumina [2485448] (imputed)	N
2015-06-23	25249183	Lu X	2014-09-23	Hum Mol Genet	www.ncbi.nlm.nih.gov/pubmed/25249183	Genome-wide association study in Chinese identifies novel loci for blood pressure and hypertension.	Hypertension	5,065 Han Chinese ancestry cases, 4,404 Han Chinese ancestry controls	29,799 Han Chinese ancestry cases, 39,347 Han Chinese ancestry controls	10q24.32	10	102856906	CYP17A1	C10orf32, C10orf32-ASMT			119032, 100528007			rs4409766-T	rs4409766	0	4409766	intron_variant	0	0.71	7E-13	12.154901959985743				Affymetrix, Illumina [2485448] (imputed)	N
2015-06-23	25249183	Lu X	2014-09-23	Hum Mol Genet	www.ncbi.nlm.nih.gov/pubmed/25249183	Genome-wide association study in Chinese identifies novel loci for blood pressure and hypertension.	Hypertension	5,065 Han Chinese ancestry cases, 4,404 Han Chinese ancestry controls	29,799 Han Chinese ancestry cases, 39,347 Han Chinese ancestry controls	11p15.2	11	16281393	SOX6	SOX6			55553			rs4757391-C	rs4757391	0	4757391	intron_variant	0	0.28	3E-6	5.522878745280337				Affymetrix, Illumina [2485448] (imputed)	N
2015-06-23	25249183	Lu X	2014-09-23	Hum Mol Genet	www.ncbi.nlm.nih.gov/pubmed/25249183	Genome-wide association study in Chinese identifies novel loci for blood pressure and hypertension.	Hypertension	5,065 Han Chinese ancestry cases, 4,404 Han Chinese ancestry controls	29,799 Han Chinese ancestry cases, 39,347 Han Chinese ancestry controls	12q21.33	12	89666809	ATP2B1	ATP2B1			490			rs17249754-G	rs17249754	0	17249754	intron_variant	0	0.64	2E-8	7.698970004336019				Affymetrix, Illumina [2485448] (imputed)	N
2015-06-23	25249183	Lu X	2014-09-23	Hum Mol Genet	www.ncbi.nlm.nih.gov/pubmed/25249183	Genome-wide association study in Chinese identifies novel loci for blood pressure and hypertension.	Hypertension	5,065 Han Chinese ancestry cases, 4,404 Han Chinese ancestry controls	29,799 Han Chinese ancestry cases, 39,347 Han Chinese ancestry controls	12q24.13	12	112379979	ALDH2	HECTD4			283450			rs11066280-T	rs11066280	0	11066280	intron_variant	0	0.81	6E-8	7.221848749616356				Affymetrix, Illumina [2485448] (imputed)	N
2011-06-16	21626137	Slavin TP	2011-05-28	Hum Genet	www.ncbi.nlm.nih.gov/pubmed/21626137	Two-marker association tests yield new disease associations for coronary artery disease and hypertension.	Hypertension	~2,000 European ancestry cases, ~3,000 European ancestry controls	NA	2q21.2	2;2	132431666;132430533	GPR39	GPR39; GPR39						rs10188442-A; rs13420028-A	rs10188442; rs13420028	0		intron_variant; intron_variant		NR	1E-10	10.0				Affymetrix [405022]	N
2011-06-16	21626137	Slavin TP	2011-05-28	Hum Genet	www.ncbi.nlm.nih.gov/pubmed/21626137	Two-marker association tests yield new disease associations for coronary artery disease and hypertension.	Hypertension	~2,000 European ancestry cases, ~3,000 European ancestry controls	NA	5p13.2	5;5	36425491;36423829	RANBP3L	RANBP3L - RNA5SP181; RANBP3L - RNA5SP181						rs12522034-C; rs7735940-A	rs12522034; rs7735940	0		intergenic_variant; intergenic_variant		NR	5E-13	12.301029995663981				Affymetrix [405022]	N
2011-06-16	21626137	Slavin TP	2011-05-28	Hum Genet	www.ncbi.nlm.nih.gov/pubmed/21626137	Two-marker association tests yield new disease associations for coronary artery disease and hypertension.	Hypertension	~2,000 European ancestry cases, ~3,000 European ancestry controls	NA	6q14.1	6;6	75846902;75850781	MYO6	MYO6; MYO6						rs3798440-A; rs9350602-C	rs3798440; rs9350602	0		intron_variant; intron_variant		NR	3E-10	9.522878745280337				Affymetrix [405022]	N
2011-06-16	21626137	Slavin TP	2011-05-28	Hum Genet	www.ncbi.nlm.nih.gov/pubmed/21626137	Two-marker association tests yield new disease associations for coronary artery disease and hypertension.	Hypertension	~2,000 European ancestry cases, ~3,000 European ancestry controls	NA	8q24.12	8;8	119341027;119341744	NOV	MIR548AZ - NOV; MIR548AZ - NOV						rs2469997-G; rs6469823-C	rs2469997; rs6469823	1		intergenic_variant; intergenic_variant		NR	3E-16	15.522878745280337				Affymetrix [405022]	N
2011-06-16	21626137	Slavin TP	2011-05-28	Hum Genet	www.ncbi.nlm.nih.gov/pubmed/21626137	Two-marker association tests yield new disease associations for coronary artery disease and hypertension.	Hypertension	~2,000 European ancestry cases, ~3,000 European ancestry controls	NA	8q24.22	8;8	134554803;134554324	ZFAT	ZFAT; ZFAT						rs1372662-G; rs7827545-C	rs1372662; rs7827545	0		intron_variant; intron_variant		NR	2E-44	43.69897000433602				Affymetrix [405022]	N
2011-06-16	21626137	Slavin TP	2011-05-28	Hum Genet	www.ncbi.nlm.nih.gov/pubmed/21626137	Two-marker association tests yield new disease associations for coronary artery disease and hypertension.	Hypertension	~2,000 European ancestry cases, ~3,000 European ancestry controls	NA	12q12	12;12	45531972;45537190	AN06	LOC105369743; LOC105369743						rs7960483-T; rs10785581-C	rs7960483; rs10785581	0		intron_variant; intron_variant		NR	1E-7	7.0				Affymetrix [405022]	N
2011-06-16	21626137	Slavin TP	2011-05-28	Hum Genet	www.ncbi.nlm.nih.gov/pubmed/21626137	Two-marker association tests yield new disease associations for coronary artery disease and hypertension.	Hypertension	~2,000 European ancestry cases, ~3,000 European ancestry controls	NA	20p12.1	20;20	15625776;15618886	MACROD2	MACROD2; MACROD2						rs200759-A; rs200752-T	rs200759; rs200752	0		intron_variant; intron_variant		NR	7E-9	8.154901959985743				Affymetrix [405022]	N
2011-06-16	21626137	Slavin TP	2011-05-28	Hum Genet	www.ncbi.nlm.nih.gov/pubmed/21626137	Two-marker association tests yield new disease associations for coronary artery disease and hypertension.	Hypertension	~2,000 European ancestry cases, ~3,000 European ancestry controls	NA	5q14.2	5;5	83137962;83140542	XRCC4	XRCC4; XRCC4						rs6452524-G; rs6887846-A	rs6452524; rs6887846	0		intron_variant; intron_variant		NR	2E-7	6.698970004336019				Affymetrix [405022]	N
2011-06-16	21626137	Slavin TP	2011-05-28	Hum Genet	www.ncbi.nlm.nih.gov/pubmed/21626137	Two-marker association tests yield new disease associations for coronary artery disease and hypertension.	Hypertension	~2,000 European ancestry cases, ~3,000 European ancestry controls	NA	2p12	2;2	83065441;83066256	intergenic	LOC105374832 - LOC105374833; LOC105374832 - LOC105374833						rs10496288-G; rs10496289-C	rs10496288; rs10496289	0		intergenic_variant; intergenic_variant		NR	2E-9	8.698970004336019				Affymetrix [405022]	N
2017-02-13	27480026	Liu X	2016-08-02	Sci Rep	www.ncbi.nlm.nih.gov/pubmed/27480026	Genome Wide Association Study Identifies L3MBTL4 as a Novel Susceptibility Gene for Hypertension.	Hypertension	271 Chinese ancestry cases, 247 Chinese ancestry controls	9,633 Chinese ancestry cases, 11,839 Chinese ancestry controls	18p11.31	18	6282594	L3MBTL4	L3MBTL4			91133			rs403814-A	rs403814	0	403814	intron_variant	0	NR	6E-9	8.221848749616356		1.15	[1.07-1.23]	Illumina [727172]	N
2017-06-06	28273873	Park YM	2017-03-05	Nutrients	www.ncbi.nlm.nih.gov/pubmed/28273873	Interaction between Single Nucleotide Polymorphism and Urinary Sodium, Potassium, and Sodium-Potassium Ratio on the Risk of Hypertension in Korean Adults.	Hypertension	8,839 Korean ancestry individuals.	NA	1q41	1	221099816	LOC101929750	LOC101929750			101929750			rs7554672-?	rs7554672	0	7554672	regulatory_region_variant	0	0.589	2E-6	5.698970004336019		1.21		Affymetrix [1291657] (imputed)	N
2017-06-06	28273873	Park YM	2017-03-05	Nutrients	www.ncbi.nlm.nih.gov/pubmed/28273873	Interaction between Single Nucleotide Polymorphism and Urinary Sodium, Potassium, and Sodium-Potassium Ratio on the Risk of Hypertension in Korean Adults.	Hypertension	8,839 Korean ancestry individuals.	NA	7q32.3	7	131507716	MKLN1, PODXL	PODXL			5420			rs3800688-G	rs3800688	0	3800688	intron_variant	0	0.479	4E-6	5.3979400086720375		1.197		Affymetrix [1291657] (imputed)	N
2017-06-06	28273873	Park YM	2017-03-05	Nutrients	www.ncbi.nlm.nih.gov/pubmed/28273873	Interaction between Single Nucleotide Polymorphism and Urinary Sodium, Potassium, and Sodium-Potassium Ratio on the Risk of Hypertension in Korean Adults.	Hypertension	8,839 Korean ancestry individuals.	NA	12q21.33	12	89680664	ATP2B1	ATP2B1			490			rs11105368-?	rs11105368	0	11105368	intron_variant	0	0.624	2E-7	6.698970004336019		1.23		Affymetrix [1291657] (imputed)	N
2008-06-16	17554300	WTCCC	2007-06-07	Nature	www.ncbi.nlm.nih.gov/pubmed/17554300	Genome-wide association study of 14,000 cases of seven common diseases and 3,000 shared controls.	Hypertension	1,952 European ancestry cases, 2,938 European ancestry controls	NA	15q26.2	15	96287321	intergenic	NR2F2-AS1			644192			rs2398162-A	rs2398162	0	2398162	non_coding_transcript_exon_variant	0	0.74	6E-6	5.221848749616356		1.31	[1.03-1.67]	Affymetrix [469557]	N
2009-04-02	19304780	Org E	2009-03-20	Hum Mol Genet	www.ncbi.nlm.nih.gov/pubmed/19304780	Genome-wide scan identifies CDH13 as a novel susceptibility locus contributing to blood pressure determination in two European populations.	Hypertension	364 European ancestry cases, 590 European ancestry controls	1,043 European ancestry cases, 1,769 European ancestry controls	16q23.3	16	82609046	CDH13	LOC101928392 - CDH13	101928392	1012		33585	17748	rs11646213-T	rs11646213	0	11646213	intergenic_variant	1	0.60	8E-6	5.096910013008056		1.28	[1.15-1.43]	Affymetrix [395912]	N
2009-05-21	19421330	Yang HC	2009-05-07	PLoS One	www.ncbi.nlm.nih.gov/pubmed/19421330	Genome-wide association study of young-onset hypertension in the Han Chinese population of Taiwan.	Hypertension (young onset)	175 Han Chinese ancestry cases, 175 Han Chinese ancestry controls	833 Han Chinese ancestry cases, 833 Han Chinese ancestry controls	2p22.3	2;2;2;2	34080190;34059785;34060127;34059917	LOC344371, MYADML, FAM98A, RASGRP3	LINC01317; LOC105374456; LINC01317; LOC105374456; LINC01317; LOC105374456; LINC01317						rs10495809-?; rs9308945-?; rs6729869-?; rs6711736-?	rs10495809; rs9308945; rs6729869; rs6711736	0		intron_variant; intron_variant; intron_variant; intron_variant		NR	3E-10	9.522878745280337				Affymetrix [91713]	N
2008-06-16	17554300	WTCCC	2007-06-07	Nature	www.ncbi.nlm.nih.gov/pubmed/17554300	Genome-wide association study of 14,000 cases of seven common diseases and 3,000 shared controls.	Hypertension	1,952 European ancestry cases, 2,938 European ancestry controls	NA	1q43	1	239273242	CHRM3, ZP4, RYR2	LOC105373223 - LOC107983951	105373223	107983951		18313	113270	rs2820037-T	rs2820037	0	2820037	intergenic_variant	1	0.14	8E-7	6.096910013008056		1.54	[1.03-2.31]	Affymetrix [469557]	N
2015-05-13	21347282	Lettre G	2011-02-10	PLoS Genet	www.ncbi.nlm.nih.gov/pubmed/21347282	Genome-wide association study of coronary heart disease and its risk factors in 8,090 African Americans: the NHLBI CARe Project.	Hypertension	4,069 African American cases, 3,848 African American controls	1,372 African American cases, 1,482 African American controls	7q22.1	7	100860471	SLC12A9	SLC12A9			56996			rs7801190-C	rs7801190	0	7801190	non_coding_transcript_exon_variant	0	0.72	3E-8	7.522878745280337		1.31	[1.19-1.44]	Affymetrix [~ 2740000] (imputed)	N
2015-05-13	21347282	Lettre G	2011-02-10	PLoS Genet	www.ncbi.nlm.nih.gov/pubmed/21347282	Genome-wide association study of coronary heart disease and its risk factors in 8,090 African Americans: the NHLBI CARe Project.	Hypertension	4,069 African American cases, 3,848 African American controls	1,372 African American cases, 1,482 African American controls	21q22.11	21	31068221	intergenic	UBE3AP2 - TIAM1	7339	7074		5053	50197	rs1475591-T	rs1475591	0	1475591	intergenic_variant	1	0.42	6E-6	5.221848749616356		1.18	[1.10-1.27]	Affymetrix [~ 2740000] (imputed)	N
2015-05-13	21347282	Lettre G	2011-02-10	PLoS Genet	www.ncbi.nlm.nih.gov/pubmed/21347282	Genome-wide association study of coronary heart disease and its risk factors in 8,090 African Americans: the NHLBI CARe Project.	Hypertension	4,069 African American cases, 3,848 African American controls	1,372 African American cases, 1,482 African American controls	21q22.2	21	39751374	IGSF5	IGSF5			150084			rs1735151-T	rs1735151	0	1735151	non_coding_transcript_exon_variant	0	0.58	9E-6	5.045757490560675		1.16	[1.09-1.24]	Affymetrix [~ 2740000] (imputed)	N
2015-05-13	21347282	Lettre G	2011-02-10	PLoS Genet	www.ncbi.nlm.nih.gov/pubmed/21347282	Genome-wide association study of coronary heart disease and its risk factors in 8,090 African Americans: the NHLBI CARe Project.	Hypertension	4,069 African American cases, 3,848 African American controls	1,372 African American cases, 1,482 African American controls	2p24.1	2	23675447	KLHL29	KLHL29			114818			rs4665630-?	rs4665630	0	4665630	intron_variant	0	0.49	1E-7	7.0		1.2135922	[1.13-1.3]	Affymetrix [~ 2740000] (imputed)	N
2015-05-13	21347282	Lettre G	2011-02-10	PLoS Genet	www.ncbi.nlm.nih.gov/pubmed/21347282	Genome-wide association study of coronary heart disease and its risk factors in 8,090 African Americans: the NHLBI CARe Project.	Hypertension	4,069 African American cases, 3,848 African American controls	1,372 African American cases, 1,482 African American controls	4q25	4	112002081	intergenic	LOC105377369 - CCDC34P1	105377369	100288584		71155	65925	rs17589290-?	rs17589290	0	17589290	intron_variant	1	0.04	6E-6	5.221848749616356		1.4285715	[1.22-1.67]	Affymetrix [~ 2740000] (imputed)	N
2015-05-13	21347282	Lettre G	2011-02-10	PLoS Genet	www.ncbi.nlm.nih.gov/pubmed/21347282	Genome-wide association study of coronary heart disease and its risk factors in 8,090 African Americans: the NHLBI CARe Project.	Hypertension	4,069 African American cases, 3,848 African American controls	1,372 African American cases, 1,482 African American controls	6q25.2	6	154093428	OPRM1	OPRM1			4988			rs675026-?	rs675026	0	675026	synonymous_variant	0	0.72	5E-6	5.301029995663981		1.2033695	[1.11-1.3]	Affymetrix [~ 2740000] (imputed)	N
2015-05-13	21347282	Lettre G	2011-02-10	PLoS Genet	www.ncbi.nlm.nih.gov/pubmed/21347282	Genome-wide association study of coronary heart disease and its risk factors in 8,090 African Americans: the NHLBI CARe Project.	Hypertension	4,069 African American cases, 3,848 African American controls	1,372 African American cases, 1,482 African American controls	1q32.3	1	211527316	SLC30A1	RD3 - LOC107985261	343035	107985261		34399	1736	rs7526425-?	rs7526425	1	1614866	intergenic_variant	1	0.84	1E-6	6.0		1.1627907	[1.09-1.24]	Affymetrix [~ 2740000] (imputed)	N
2015-05-13	21347282	Lettre G	2011-02-10	PLoS Genet	www.ncbi.nlm.nih.gov/pubmed/21347282	Genome-wide association study of coronary heart disease and its risk factors in 8,090 African Americans: the NHLBI CARe Project.	Hypertension	4,069 African American cases, 3,848 African American controls	1,372 African American cases, 1,482 African American controls	4q28.3	4	134601585	intergenic	LOC105377436			105377436			rs10026364-T	rs10026364	0	10026364	intergenic_variant	0	0.2	4E-6	5.3979400086720375		1.28	[1.15-1.42]	Affymetrix [~ 2740000] (imputed)	N
2017-07-24	28498854	Liang J	2017-05-12	PLoS Genet	www.ncbi.nlm.nih.gov/pubmed/28498854	Single-trait and multi-trait genome-wide association analyses identify novel loci for blood pressure in African-ancestry populations.	Hypertension	18,440 African individuals	2,375 African individuals, 3,718 Korean ancestry individuals, 9,348 European ancestry individuals, 3,445 Hispanic individuals	3p21.1	3	52650349	NR	PBRM1			55193			rs9864989-?	rs9864989	0	9864989	intron_variant	0	NR	5E-6	5.301029995663981		0.3463	[0.20-0.50] unit increase	Affymetrix, Illumina [at least 30072738] (imputed)	N
2017-07-24	28498854	Liang J	2017-05-12	PLoS Genet	www.ncbi.nlm.nih.gov/pubmed/28498854	Single-trait and multi-trait genome-wide association analyses identify novel loci for blood pressure in African-ancestry populations.	Hypertension	18,440 African individuals	2,375 African individuals, 3,718 Korean ancestry individuals, 9,348 European ancestry individuals, 3,445 Hispanic individuals	7p15.2	7	27119517	HOXA cluster	HOXA3			3200			rs6969780-C	rs6969780	0	6969780	splice_region_variant	0	NR	1E-6	6.0		0.0747	[0.045-0.105] unit increase	Affymetrix, Illumina [at least 30072738] (imputed)	N
2017-07-24	28498854	Liang J	2017-05-12	PLoS Genet	www.ncbi.nlm.nih.gov/pubmed/28498854	Single-trait and multi-trait genome-wide association analyses identify novel loci for blood pressure in African-ancestry populations.	Hypertension	18,440 African individuals	2,375 African individuals, 3,718 Korean ancestry individuals, 9,348 European ancestry individuals, 3,445 Hispanic individuals	7p15.2	7	27288591	EVX1, HOXA cluster	RPL35P4 - LOC107986733	100271006	107986733		18838	45264	rs10279895-G	rs10279895	0	10279895	intergenic_variant	1	NR	9E-9	8.045757490560675		0.1813	[0.12-0.24] unit increase	Affymetrix, Illumina [at least 30072738] (imputed)	N
2017-07-24	28498854	Liang J	2017-05-12	PLoS Genet	www.ncbi.nlm.nih.gov/pubmed/28498854	Single-trait and multi-trait genome-wide association analyses identify novel loci for blood pressure in African-ancestry populations.	Hypertension	18,440 African individuals	2,375 African individuals, 3,718 Korean ancestry individuals, 9,348 European ancestry individuals, 3,445 Hispanic individuals	8p22	8	14224308	NR	SGCZ			137868			rs115706913-?	rs115706913	0	115706913	intron_variant	0	NR	3E-7	6.522878745280337		0.2128	[0.13-0.29] unit increase	Affymetrix, Illumina [at least 30072738] (imputed)	N
2017-07-24	28498854	Liang J	2017-05-12	PLoS Genet	www.ncbi.nlm.nih.gov/pubmed/28498854	Single-trait and multi-trait genome-wide association analyses identify novel loci for blood pressure in African-ancestry populations.	Hypertension	18,440 African individuals	2,375 African individuals, 3,718 Korean ancestry individuals, 9,348 European ancestry individuals, 3,445 Hispanic individuals	8p11.21	8	41784039	NR	ANK1			286			rs10096908-?	rs10096908	0	10096908	intron_variant	0	NR	6E-6	5.221848749616356		0.0947	[0.054-0.135] unit increase	Affymetrix, Illumina [at least 30072738] (imputed)	N
2017-07-24	28498854	Liang J	2017-05-12	PLoS Genet	www.ncbi.nlm.nih.gov/pubmed/28498854	Single-trait and multi-trait genome-wide association analyses identify novel loci for blood pressure in African-ancestry populations.	Hypertension	18,440 African individuals	2,375 African individuals, 3,718 Korean ancestry individuals, 9,348 European ancestry individuals, 3,445 Hispanic individuals	8q24.12	8	121033084	NR	SNTB1 - LOC100133147	6641	100133147		221015	80275	rs79455834-?	rs79455834	0	79455834	intron_variant	1	NR	2E-6	5.698970004336019		0.2443	[0.14-0.34] unit increase	Affymetrix, Illumina [at least 30072738] (imputed)	N
2017-07-24	28498854	Liang J	2017-05-12	PLoS Genet	www.ncbi.nlm.nih.gov/pubmed/28498854	Single-trait and multi-trait genome-wide association analyses identify novel loci for blood pressure in African-ancestry populations.	Hypertension	18,440 African individuals	2,375 African individuals, 3,718 Korean ancestry individuals, 9,348 European ancestry individuals, 3,445 Hispanic individuals	9q21.32	9	83378986	FRMD3	FRMD3			257019			rs115795127-T	rs115795127	0	115795127	intron_variant	0	NR	1E-8	8.0		0.1736	[0.11-0.24] unit increase	Affymetrix, Illumina [at least 30072738] (imputed)	N
2011-10-21	21909115	Ehret GB	2011-09-11	Nature	www.ncbi.nlm.nih.gov/pubmed/21909115	Genetic variants in novel pathways influence blood pressure and cardiovascular disease risk.	Hypertension	69,395 European ancestry individuals	Up to 133,361 European ancestry individuals	20q13.32	20	59176062	EDN3, GNAS	ZNF831			128611			rs6015450-G	rs6015450	0	6015450	intron_variant	0	0.12	4E-14	13.397940008672037		0.11	[NR] unit increase	Affymetrix, Illumina [~ 2500000] (imputed)	N
2011-10-21	21909115	Ehret GB	2011-09-11	Nature	www.ncbi.nlm.nih.gov/pubmed/21909115	Genetic variants in novel pathways influence blood pressure and cardiovascular disease risk.	Hypertension	69,395 European ancestry individuals	Up to 133,361 European ancestry individuals	11q22.1	11	100722807	TMEM133, FLJ32810	ARHGAP42			143872			rs633185-G	rs633185	0	633185	intron_variant	0	0.28	5E-11	10.301029995663981		0.07	[NR] unit decrease	Affymetrix, Illumina [~ 2500000] (imputed)	N
2011-10-21	21909115	Ehret GB	2011-09-11	Nature	www.ncbi.nlm.nih.gov/pubmed/21909115	Genetic variants in novel pathways influence blood pressure and cardiovascular disease risk.	Hypertension	69,395 European ancestry individuals	Up to 133,361 European ancestry individuals	6p21.33	6	31648589	BAT2, BAT5	BAG6			7917			rs805303-G	rs805303	0	805303	intron_variant	0	0.61	1E-10	10.0		0.054	[NR] unit increase	Affymetrix, Illumina [~ 2500000] (imputed)	N
2011-10-21	21909115	Ehret GB	2011-09-11	Nature	www.ncbi.nlm.nih.gov/pubmed/21909115	Genetic variants in novel pathways influence blood pressure and cardiovascular disease risk.	Hypertension	69,395 European ancestry individuals	Up to 133,361 European ancestry individuals	6p22.2	6	26090951	HFE	HFE			3077			rs1799945-G	rs1799945	0	1799945	missense_variant	0	0.14	2E-10	9.698970004336019		0.095	[NR] unit increase	Affymetrix, Illumina [~ 2500000] (imputed)	N
2011-10-21	21909115	Ehret GB	2011-09-11	Nature	www.ncbi.nlm.nih.gov/pubmed/21909115	Genetic variants in novel pathways influence blood pressure and cardiovascular disease risk.	Hypertension	69,395 European ancestry individuals	Up to 133,361 European ancestry individuals	5p13.3	5	32814922	C5orf23, NPR3	NPR3 - LOC340113	4883	340113		23198	132521	rs1173771-G	rs1173771	0	1173771	regulatory_region_variant	1	0.60	3E-10	9.522878745280337		0.062	[NR] unit increase	Affymetrix, Illumina [~ 2500000] (imputed)	N
2011-10-21	21909115	Ehret GB	2011-09-11	Nature	www.ncbi.nlm.nih.gov/pubmed/21909115	Genetic variants in novel pathways influence blood pressure and cardiovascular disease risk.	Hypertension	69,395 European ancestry individuals	Up to 133,361 European ancestry individuals	10q23.33	10	94136183	PLCE1	PLCE1			51196			rs932764-G	rs932764	0	932764	intron_variant	0	0.44	9E-9	8.045757490560675		0.055	[NR] unit increase	Affymetrix, Illumina [~ 2500000] (imputed)	N
2011-10-21	21909115	Ehret GB	2011-09-11	Nature	www.ncbi.nlm.nih.gov/pubmed/21909115	Genetic variants in novel pathways influence blood pressure and cardiovascular disease risk.	Hypertension	69,395 European ancestry individuals	Up to 133,361 European ancestry individuals	10p12.33	10	18131043	CACNB2	SLC39A12 - CACNB2	221074	783		87751	9517	rs4373814-G	rs4373814	0	4373814	intergenic_variant	1	0.55	9E-8	7.045757490560675		0.046	[NR] unit decrease	Affymetrix, Illumina [~ 2500000] (imputed)	N
2011-10-21	21909115	Ehret GB	2011-09-11	Nature	www.ncbi.nlm.nih.gov/pubmed/21909115	Genetic variants in novel pathways influence blood pressure and cardiovascular disease risk.	Hypertension	69,395 European ancestry individuals	Up to 133,361 European ancestry individuals	5q33.3	5	158418394	EBF1	LOC101927697 - EBF1	101927697	1879		8621	277521	rs11953630-T	rs11953630	0	11953630	intergenic_variant	1	0.37	2E-7	6.698970004336019		0.052	[NR] unit decrease	Affymetrix, Illumina [~ 2500000] (imputed)	N
2011-10-21	21909115	Ehret GB	2011-09-11	Nature	www.ncbi.nlm.nih.gov/pubmed/21909115	Genetic variants in novel pathways influence blood pressure and cardiovascular disease risk.	Hypertension	69,395 European ancestry individuals	Up to 133,361 European ancestry individuals	1p13.2	1	112673921	MOV10	CAPZA1 - MOV10	829	4343		2302	391	rs2932538-G	rs2932538	0	2932538	intron_variant	1	0.75	3E-7	6.522878745280337		0.049	[NR] unit increase	Affymetrix, Illumina [~ 2500000] (imputed)	N
2011-10-21	21909115	Ehret GB	2011-09-11	Nature	www.ncbi.nlm.nih.gov/pubmed/21909115	Genetic variants in novel pathways influence blood pressure and cardiovascular disease risk.	Hypertension	69,395 European ancestry individuals	Up to 133,361 European ancestry individuals	4q24	4	102267552	SLC39A8	SLC39A8			64116			rs13107325-T	rs13107325	0	13107325	missense_variant	0	0.05	5E-7	6.301029995663981		0.105	[NR] unit decrease	Affymetrix, Illumina [~ 2500000] (imputed)	N
2011-10-21	21909115	Ehret GB	2011-09-11	Nature	www.ncbi.nlm.nih.gov/pubmed/21909115	Genetic variants in novel pathways influence blood pressure and cardiovascular disease risk.	Hypertension	69,395 European ancestry individuals	Up to 133,361 European ancestry individuals	15q26.1	15	90894158	FURIN, FES	FES			2242			rs2521501-T	rs2521501	0	2521501	intron_variant	0	0.31	7E-7	6.154901959985743		0.059	[NR] unit increase	Affymetrix, Illumina [~ 2500000] (imputed)	N
2017-07-24	28498854	Liang J	2017-05-12	PLoS Genet	www.ncbi.nlm.nih.gov/pubmed/28498854	Single-trait and multi-trait genome-wide association analyses identify novel loci for blood pressure in African-ancestry populations.	Blood pressure traits (multi-trait analysis)	Up to 31,155 African individuals	Up to 4,187 African individuals, up to 14,016 Korean ancestry individuals, up to 23,914 European ancestry individuals, up to 12,278 Hispanic individuals	1q31.1	1	188865413	NR	RPS3AP9 - CLPTM1LP1	100271129	106480241		170258	170548	rs12063100-?	rs12063100	0	12063100	downstream_gene_variant	1	NR	5E-7	6.301029995663981	(Het)			Affymetrix, Illumina [at least 30072738] (imputed)	N
2017-07-24	28498854	Liang J	2017-05-12	PLoS Genet	www.ncbi.nlm.nih.gov/pubmed/28498854	Single-trait and multi-trait genome-wide association analyses identify novel loci for blood pressure in African-ancestry populations.	Blood pressure traits (multi-trait analysis)	Up to 31,155 African individuals	Up to 4,187 African individuals, up to 14,016 Korean ancestry individuals, up to 23,914 European ancestry individuals, up to 12,278 Hispanic individuals	2q23.3	2	153318921	NR	LOC107985950			107985950			rs59922837-?	rs59922837	0	59922837	intergenic_variant	0	NR	4E-6	5.3979400086720375	(Het)			Affymetrix, Illumina [at least 30072738] (imputed)	N
2017-07-24	28498854	Liang J	2017-05-12	PLoS Genet	www.ncbi.nlm.nih.gov/pubmed/28498854	Single-trait and multi-trait genome-wide association analyses identify novel loci for blood pressure in African-ancestry populations.	Blood pressure traits (multi-trait analysis)	Up to 31,155 African individuals	Up to 4,187 African individuals, up to 14,016 Korean ancestry individuals, up to 23,914 European ancestry individuals, up to 12,278 Hispanic individuals	3p22.1	3	41827229	NR	ULK4			54986			rs147428270-?	rs147428270	0	147428270	intron_variant	0	NR	2E-6	5.698970004336019	(Het)			Affymetrix, Illumina [at least 30072738] (imputed)	N
2017-07-24	28498854	Liang J	2017-05-12	PLoS Genet	www.ncbi.nlm.nih.gov/pubmed/28498854	Single-trait and multi-trait genome-wide association analyses identify novel loci for blood pressure in African-ancestry populations.	Blood pressure traits (multi-trait analysis)	Up to 31,155 African individuals	Up to 4,187 African individuals, up to 14,016 Korean ancestry individuals, up to 23,914 European ancestry individuals, up to 12,278 Hispanic individuals	4p15.33	4	11617090	NR	LOC107986178			107986178			rs7654819-?	rs7654819	0	7654819	intergenic_variant	0	NR	7E-6	5.154901959985743	(Het)			Affymetrix, Illumina [at least 30072738] (imputed)	N
2017-07-24	28498854	Liang J	2017-05-12	PLoS Genet	www.ncbi.nlm.nih.gov/pubmed/28498854	Single-trait and multi-trait genome-wide association analyses identify novel loci for blood pressure in African-ancestry populations.	Blood pressure traits (multi-trait analysis)	Up to 31,155 African individuals	Up to 4,187 African individuals, up to 14,016 Korean ancestry individuals, up to 23,914 European ancestry individuals, up to 12,278 Hispanic individuals	5p14.3	5	19745606	NR	CDH18			1016			rs115236533-?	rs115236533	0	115236533	intron_variant	0	NR	9E-7	6.045757490560675	(Het)			Affymetrix, Illumina [at least 30072738] (imputed)	N
2017-07-24	28498854	Liang J	2017-05-12	PLoS Genet	www.ncbi.nlm.nih.gov/pubmed/28498854	Single-trait and multi-trait genome-wide association analyses identify novel loci for blood pressure in African-ancestry populations.	Blood pressure traits (multi-trait analysis)	Up to 31,155 African individuals	Up to 4,187 African individuals, up to 14,016 Korean ancestry individuals, up to 23,914 European ancestry individuals, up to 12,278 Hispanic individuals	6q22.31	6	123078960	NR	CLVS2			134829			rs9385284-G	rs9385284	0	9385284	intergenic_variant	0	NR	1E-6	6.0	(Het)			Affymetrix, Illumina [at least 30072738] (imputed)	N
2017-07-24	28498854	Liang J	2017-05-12	PLoS Genet	www.ncbi.nlm.nih.gov/pubmed/28498854	Single-trait and multi-trait genome-wide association analyses identify novel loci for blood pressure in African-ancestry populations.	Blood pressure traits (multi-trait analysis)	Up to 31,155 African individuals	Up to 4,187 African individuals, up to 14,016 Korean ancestry individuals, up to 23,914 European ancestry individuals, up to 12,278 Hispanic individuals	6q23.2	6	133759717	TARID, TCF21	TARID			100507308			rs76987554-C	rs76987554	0	76987554	intron_variant	0	NR	9E-7	6.045757490560675	(Hom)			Affymetrix, Illumina [at least 30072738] (imputed)	N
2017-07-24	28498854	Liang J	2017-05-12	PLoS Genet	www.ncbi.nlm.nih.gov/pubmed/28498854	Single-trait and multi-trait genome-wide association analyses identify novel loci for blood pressure in African-ancestry populations.	Blood pressure traits (multi-trait analysis)	Up to 31,155 African individuals	Up to 4,187 African individuals, up to 14,016 Korean ancestry individuals, up to 23,914 European ancestry individuals, up to 12,278 Hispanic individuals	6q23.2	6	133759717	TARID, TCF21	TARID			100507308			rs76987554-C	rs76987554	0	76987554	intron_variant	0	NR	1E-7	7.0	(Het)			Affymetrix, Illumina [at least 30072738] (imputed)	N
2017-07-24	28498854	Liang J	2017-05-12	PLoS Genet	www.ncbi.nlm.nih.gov/pubmed/28498854	Single-trait and multi-trait genome-wide association analyses identify novel loci for blood pressure in African-ancestry populations.	Blood pressure traits (multi-trait analysis)	Up to 31,155 African individuals	Up to 4,187 African individuals, up to 14,016 Korean ancestry individuals, up to 23,914 European ancestry individuals, up to 12,278 Hispanic individuals	6q25.1	6	150671234	PLEKHG1	PLEKHG1			57480			rs62434120-T	rs62434120	0	62434120	intron_variant	0	NR	5E-7	6.301029995663981	(Hom)			Affymetrix, Illumina [at least 30072738] (imputed)	N
2017-07-24	28498854	Liang J	2017-05-12	PLoS Genet	www.ncbi.nlm.nih.gov/pubmed/28498854	Single-trait and multi-trait genome-wide association analyses identify novel loci for blood pressure in African-ancestry populations.	Blood pressure traits (multi-trait analysis)	Up to 31,155 African individuals	Up to 4,187 African individuals, up to 14,016 Korean ancestry individuals, up to 23,914 European ancestry individuals, up to 12,278 Hispanic individuals	7p15.2	7	27119517	HOXA cluster	HOXA3			3200			rs6969780-C	rs6969780	0	6969780	splice_region_variant	0	NR	2E-7	6.698970004336019	(Het)			Affymetrix, Illumina [at least 30072738] (imputed)	N
2017-07-24	28498854	Liang J	2017-05-12	PLoS Genet	www.ncbi.nlm.nih.gov/pubmed/28498854	Single-trait and multi-trait genome-wide association analyses identify novel loci for blood pressure in African-ancestry populations.	Blood pressure traits (multi-trait analysis)	Up to 31,155 African individuals	Up to 4,187 African individuals, up to 14,016 Korean ancestry individuals, up to 23,914 European ancestry individuals, up to 12,278 Hispanic individuals	8q12.1	8	55901862	EVX1, HOXA cluster	LYN			4067			rs1027989-G	rs1027989	0	1027989	intron_variant	0	NR	7E-7	6.154901959985743	(Hom)			Affymetrix, Illumina [at least 30072738] (imputed)	N
2017-07-24	28498854	Liang J	2017-05-12	PLoS Genet	www.ncbi.nlm.nih.gov/pubmed/28498854	Single-trait and multi-trait genome-wide association analyses identify novel loci for blood pressure in African-ancestry populations.	Blood pressure traits (multi-trait analysis)	Up to 31,155 African individuals	Up to 4,187 African individuals, up to 14,016 Korean ancestry individuals, up to 23,914 European ancestry individuals, up to 12,278 Hispanic individuals	8q12.1	8	55901862	EVX1, HOXA cluster	LYN			4067			rs1027989-G	rs1027989	0	1027989	intron_variant	0	NR	1E-6	6.0	(Het)			Affymetrix, Illumina [at least 30072738] (imputed)	N
2017-07-24	28498854	Liang J	2017-05-12	PLoS Genet	www.ncbi.nlm.nih.gov/pubmed/28498854	Single-trait and multi-trait genome-wide association analyses identify novel loci for blood pressure in African-ancestry populations.	Blood pressure traits (multi-trait analysis)	Up to 31,155 African individuals	Up to 4,187 African individuals, up to 14,016 Korean ancestry individuals, up to 23,914 European ancestry individuals, up to 12,278 Hispanic individuals	7q36.1	7	149502873	NR	ZNF746 - TRC-GCA16-1	155061	100189146		5041	43667	rs115476423-?	rs115476423	0	115476423	intergenic_variant	1	NR	5E-6	5.301029995663981	(Het)			Affymetrix, Illumina [at least 30072738] (imputed)	N
2017-07-24	28498854	Liang J	2017-05-12	PLoS Genet	www.ncbi.nlm.nih.gov/pubmed/28498854	Single-trait and multi-trait genome-wide association analyses identify novel loci for blood pressure in African-ancestry populations.	Blood pressure traits (multi-trait analysis)	Up to 31,155 African individuals	Up to 4,187 African individuals, up to 14,016 Korean ancestry individuals, up to 23,914 European ancestry individuals, up to 12,278 Hispanic individuals	8p11.21	8	41784039	NR	ANK1			286			rs10096908-?	rs10096908	0	10096908	intron_variant	0	NR	2E-6	5.698970004336019	(Hom)			Affymetrix, Illumina [at least 30072738] (imputed)	N
2017-07-24	28498854	Liang J	2017-05-12	PLoS Genet	www.ncbi.nlm.nih.gov/pubmed/28498854	Single-trait and multi-trait genome-wide association analyses identify novel loci for blood pressure in African-ancestry populations.	Blood pressure traits (multi-trait analysis)	Up to 31,155 African individuals	Up to 4,187 African individuals, up to 14,016 Korean ancestry individuals, up to 23,914 European ancestry individuals, up to 12,278 Hispanic individuals	8q22.2	8	98567888	NR	STK3			6788			rs186208701-?	rs186208701	0	186208701	intron_variant	0	NR	8E-7	6.096910013008056	(Het)			Affymetrix, Illumina [at least 30072738] (imputed)	N
2017-07-24	28498854	Liang J	2017-05-12	PLoS Genet	www.ncbi.nlm.nih.gov/pubmed/28498854	Single-trait and multi-trait genome-wide association analyses identify novel loci for blood pressure in African-ancestry populations.	Blood pressure traits (multi-trait analysis)	Up to 31,155 African individuals	Up to 4,187 African individuals, up to 14,016 Korean ancestry individuals, up to 23,914 European ancestry individuals, up to 12,278 Hispanic individuals	8q22.2	8	98729050	NR	STK3			6788			rs187821766-?	rs187821766	0	187821766	intron_variant	0	NR	9E-8	7.045757490560675	(Het)			Affymetrix, Illumina [at least 30072738] (imputed)	N
2017-07-24	28498854	Liang J	2017-05-12	PLoS Genet	www.ncbi.nlm.nih.gov/pubmed/28498854	Single-trait and multi-trait genome-wide association analyses identify novel loci for blood pressure in African-ancestry populations.	Blood pressure traits (multi-trait analysis)	Up to 31,155 African individuals	Up to 4,187 African individuals, up to 14,016 Korean ancestry individuals, up to 23,914 European ancestry individuals, up to 12,278 Hispanic individuals	8q24.3	8	141364973	GPR20	GPR20			2843			rs78192203-T	rs78192203	0	78192203	intron_variant	0	NR	1E-7	7.0	(Hom)			Affymetrix, Illumina [at least 30072738] (imputed)	N
2017-07-24	28498854	Liang J	2017-05-12	PLoS Genet	www.ncbi.nlm.nih.gov/pubmed/28498854	Single-trait and multi-trait genome-wide association analyses identify novel loci for blood pressure in African-ancestry populations.	Blood pressure traits (multi-trait analysis)	Up to 31,155 African individuals	Up to 4,187 African individuals, up to 14,016 Korean ancestry individuals, up to 23,914 European ancestry individuals, up to 12,278 Hispanic individuals	8q24.3	8	141364973	GPR20	GPR20			2843			rs78192203-T	rs78192203	0	78192203	intron_variant	0	NR	2E-8	7.698970004336019	(Het)			Affymetrix, Illumina [at least 30072738] (imputed)	N
2017-07-24	28498854	Liang J	2017-05-12	PLoS Genet	www.ncbi.nlm.nih.gov/pubmed/28498854	Single-trait and multi-trait genome-wide association analyses identify novel loci for blood pressure in African-ancestry populations.	Blood pressure traits (multi-trait analysis)	Up to 31,155 African individuals	Up to 4,187 African individuals, up to 14,016 Korean ancestry individuals, up to 23,914 European ancestry individuals, up to 12,278 Hispanic individuals	9q31.3	9	111957288	NR	UGCG - RNU6-710P	7357	106479880		21914	39347	rs190531342-?	rs190531342	0	190531342	intergenic_variant	1	NR	2E-6	5.698970004336019	(Hom)			Affymetrix, Illumina [at least 30072738] (imputed)	N
2017-07-24	28498854	Liang J	2017-05-12	PLoS Genet	www.ncbi.nlm.nih.gov/pubmed/28498854	Single-trait and multi-trait genome-wide association analyses identify novel loci for blood pressure in African-ancestry populations.	Blood pressure traits (multi-trait analysis)	Up to 31,155 African individuals	Up to 4,187 African individuals, up to 14,016 Korean ancestry individuals, up to 23,914 European ancestry individuals, up to 12,278 Hispanic individuals				NR							10:14646769-?	10:14646769	0			1	NR	2E-6	5.698970004336019	(Het)			Affymetrix, Illumina [at least 30072738] (imputed)	N
2017-07-24	28498854	Liang J	2017-05-12	PLoS Genet	www.ncbi.nlm.nih.gov/pubmed/28498854	Single-trait and multi-trait genome-wide association analyses identify novel loci for blood pressure in African-ancestry populations.	Blood pressure traits (multi-trait analysis)	Up to 31,155 African individuals	Up to 4,187 African individuals, up to 14,016 Korean ancestry individuals, up to 23,914 European ancestry individuals, up to 12,278 Hispanic individuals	10q21.3	10	67697886	NR	CTNNA3 - AKR1B10P1	29119	340888		1669	52343	rs77932157-?	rs77932157	0	77932157	upstream_gene_variant	1	NR	3E-6	5.522878745280337	(Het)			Affymetrix, Illumina [at least 30072738] (imputed)	N
2017-07-24	28498854	Liang J	2017-05-12	PLoS Genet	www.ncbi.nlm.nih.gov/pubmed/28498854	Single-trait and multi-trait genome-wide association analyses identify novel loci for blood pressure in African-ancestry populations.	Blood pressure traits (multi-trait analysis)	Up to 31,155 African individuals	Up to 4,187 African individuals, up to 14,016 Korean ancestry individuals, up to 23,914 European ancestry individuals, up to 12,278 Hispanic individuals				NR							10:69514659-?	10:69514659	0			1	NR	2E-6	5.698970004336019	(Het)			Affymetrix, Illumina [at least 30072738] (imputed)	N
2017-07-24	28498854	Liang J	2017-05-12	PLoS Genet	www.ncbi.nlm.nih.gov/pubmed/28498854	Single-trait and multi-trait genome-wide association analyses identify novel loci for blood pressure in African-ancestry populations.	Blood pressure traits (multi-trait analysis)	Up to 31,155 African individuals	Up to 4,187 African individuals, up to 14,016 Korean ancestry individuals, up to 23,914 European ancestry individuals, up to 12,278 Hispanic individuals	16q24.1	16	85666754	NR	GSE1			23199			rs12149202-?	rs12149202	0	12149202	intron_variant	0	NR	8E-6	5.096910013008056	(Het)			Affymetrix, Illumina [at least 30072738] (imputed)	N
2017-07-24	28498854	Liang J	2017-05-12	PLoS Genet	www.ncbi.nlm.nih.gov/pubmed/28498854	Single-trait and multi-trait genome-wide association analyses identify novel loci for blood pressure in African-ancestry populations.	Blood pressure traits (multi-trait analysis)	Up to 31,155 African individuals	Up to 4,187 African individuals, up to 14,016 Korean ancestry individuals, up to 23,914 European ancestry individuals, up to 12,278 Hispanic individuals	17q22	17	53208635	NR	C17orf112 - LOC645163	100506650	645163		220977	225910	rs114296860-?	rs114296860	0	114296860	intergenic_variant	1	NR	4E-6	5.3979400086720375	(Het)			Affymetrix, Illumina [at least 30072738] (imputed)	N
2017-07-24	28498854	Liang J	2017-05-12	PLoS Genet	www.ncbi.nlm.nih.gov/pubmed/28498854	Single-trait and multi-trait genome-wide association analyses identify novel loci for blood pressure in African-ancestry populations.	Blood pressure traits (multi-trait analysis)	Up to 31,155 African individuals	Up to 4,187 African individuals, up to 14,016 Korean ancestry individuals, up to 23,914 European ancestry individuals, up to 12,278 Hispanic individuals	9q21.32	9	83378986	FRMD3	FRMD3			257019			rs115795127-T	rs115795127	0	115795127	intron_variant	0	NR	7E-9	8.154901959985743	(Het)			Affymetrix, Illumina [at least 30072738] (imputed)	N
2017-07-24	28498854	Liang J	2017-05-12	PLoS Genet	www.ncbi.nlm.nih.gov/pubmed/28498854	Single-trait and multi-trait genome-wide association analyses identify novel loci for blood pressure in African-ancestry populations.	Blood pressure traits (multi-trait analysis)	Up to 31,155 African individuals	Up to 4,187 African individuals, up to 14,016 Korean ancestry individuals, up to 23,914 European ancestry individuals, up to 12,278 Hispanic individuals	3p22.1	3	41724463	ULK4	ULK4			54986			rs7651190-G	rs7651190	0	7651190	intron_variant	0	NR	1E-10	10.0	(Het)			Affymetrix, Illumina [at least 30072738] (imputed)	N
2017-07-24	28498854	Liang J	2017-05-12	PLoS Genet	www.ncbi.nlm.nih.gov/pubmed/28498854	Single-trait and multi-trait genome-wide association analyses identify novel loci for blood pressure in African-ancestry populations.	Blood pressure traits (multi-trait analysis)	Up to 31,155 African individuals	Up to 4,187 African individuals, up to 14,016 Korean ancestry individuals, up to 23,914 European ancestry individuals, up to 12,278 Hispanic individuals	3p22.1	3	41948630	ULK4	ULK4			54986			rs7372217-G	rs7372217	0	7372217	intron_variant	0	NR	1E-11	11.0	(Het)			Affymetrix, Illumina [at least 30072738] (imputed)	N
2017-07-24	28498854	Liang J	2017-05-12	PLoS Genet	www.ncbi.nlm.nih.gov/pubmed/28498854	Single-trait and multi-trait genome-wide association analyses identify novel loci for blood pressure in African-ancestry populations.	Blood pressure traits (multi-trait analysis)	Up to 31,155 African individuals	Up to 4,187 African individuals, up to 14,016 Korean ancestry individuals, up to 23,914 European ancestry individuals, up to 12,278 Hispanic individuals	7p15.2	7	27312031	EVX1, HOXA cluster	RPL35P4 - LOC107986733	100271006	107986733		42278	21824	rs11563582-A	rs11563582	0	11563582	intergenic_variant	1	NR	2E-11	10.698970004336019	(Hom)			Affymetrix, Illumina [at least 30072738] (imputed)	N
2017-07-24	28498854	Liang J	2017-05-12	PLoS Genet	www.ncbi.nlm.nih.gov/pubmed/28498854	Single-trait and multi-trait genome-wide association analyses identify novel loci for blood pressure in African-ancestry populations.	Blood pressure traits (multi-trait analysis)	Up to 31,155 African individuals	Up to 4,187 African individuals, up to 14,016 Korean ancestry individuals, up to 23,914 European ancestry individuals, up to 12,278 Hispanic individuals	7p15.2	7	27312031	EVX1, HOXA cluster	RPL35P4 - LOC107986733	100271006	107986733		42278	21824	rs11563582-A	rs11563582	0	11563582	intergenic_variant	1	NR	2E-9	8.698970004336019	(Het)			Affymetrix, Illumina [at least 30072738] (imputed)	N
2017-07-24	28498854	Liang J	2017-05-12	PLoS Genet	www.ncbi.nlm.nih.gov/pubmed/28498854	Single-trait and multi-trait genome-wide association analyses identify novel loci for blood pressure in African-ancestry populations.	Blood pressure traits (multi-trait analysis)	Up to 31,155 African individuals	Up to 4,187 African individuals, up to 14,016 Korean ancestry individuals, up to 23,914 European ancestry individuals, up to 12,278 Hispanic individuals	7p15.2	7	27119517	HOXA cluster	HOXA3			3200			rs6969780-C	rs6969780	0	6969780	splice_region_variant	0	NR	1E-8	8.0	(Hom)			Affymetrix, Illumina [at least 30072738] (imputed)	N
2017-07-24	28498854	Liang J	2017-05-12	PLoS Genet	www.ncbi.nlm.nih.gov/pubmed/28498854	Single-trait and multi-trait genome-wide association analyses identify novel loci for blood pressure in African-ancestry populations.	Blood pressure traits (multi-trait analysis)	Up to 31,155 African individuals	Up to 4,187 African individuals, up to 14,016 Korean ancestry individuals, up to 23,914 European ancestry individuals, up to 12,278 Hispanic individuals	7p12.3	7	45968511	IGFBP3	LOC102723446			102723446			rs11977526-A	rs11977526	0	11977526	upstream_gene_variant	0	NR	7E-16	15.154901959985743	(Het)			Affymetrix, Illumina [at least 30072738] (imputed)	N
2017-07-24	28498854	Liang J	2017-05-12	PLoS Genet	www.ncbi.nlm.nih.gov/pubmed/28498854	Single-trait and multi-trait genome-wide association analyses identify novel loci for blood pressure in African-ancestry populations.	Blood pressure traits (multi-trait analysis)	Up to 31,155 African individuals	Up to 4,187 African individuals, up to 14,016 Korean ancestry individuals, up to 23,914 European ancestry individuals, up to 12,278 Hispanic individuals	8q22.1	8	94098516	CDH17	RPL34P18 - CDH17	100271003	1015		140796	28646	rs7006531-G	rs7006531	0	7006531	intron_variant	1	NR	2E-13	12.698970004336019	(Het)			Affymetrix, Illumina [at least 30072738] (imputed)	N
2009-05-19	19430479	Levy D	2009-05-10	Nat Genet	www.ncbi.nlm.nih.gov/pubmed/19430479	Genome-wide association study of blood pressure and hypertension.	Systolic blood pressure	29,136 European ancestry individuals	34,433 European ancestry individuals	1p36.22	1	10739520	CASZ1	CASZ1			54897			rs12046278-T	rs12046278	0	12046278	intron_variant	0	0.64	5E-6	5.301029995663981		0.53	[0.29-0.77] mm Hg decrease	Affymetrix, Illumina [2533153] (imputed)	N
2009-05-19	19430479	Levy D	2009-05-10	Nat Genet	www.ncbi.nlm.nih.gov/pubmed/19430479	Genome-wide association study of blood pressure and hypertension.	Systolic blood pressure	29,136 European ancestry individuals	34,433 European ancestry individuals	3q26.2	3	169383111	MDS1	MECOM			2122			rs448378-A	rs448378	0	448378	intron_variant	0	0.52	1E-7	7.0		0.51	[0.31-0.71] mm Hg decrease	Affymetrix, Illumina [2533153] (imputed)	N
2009-05-19	19430479	Levy D	2009-05-10	Nat Genet	www.ncbi.nlm.nih.gov/pubmed/19430479	Genome-wide association study of blood pressure and hypertension.	Systolic blood pressure	29,136 European ancestry individuals	34,433 European ancestry individuals	10p12.31	10	18419869	CACNB2	CACNB2			783			rs11014166-A	rs11014166	0	11014166	intron_variant	0	0.66	7E-7	6.154901959985743		0.5	[0.30-0.70] mm Hg increase	Affymetrix, Illumina [2533153] (imputed)	N
2009-05-19	19430479	Levy D	2009-05-10	Nat Genet	www.ncbi.nlm.nih.gov/pubmed/19430479	Genome-wide association study of blood pressure and hypertension.	Systolic blood pressure	29,136 European ancestry individuals	34,433 European ancestry individuals	10q24.32	10	102834750	CYP17A1	CYP17A1			1586			rs1004467-A	rs1004467	0	1004467	non_coding_transcript_exon_variant	0	0.90	1E-10	10.0		1.05	[0.74-1.36] mm Hg increase	Affymetrix, Illumina [2533153] (imputed)	N
2009-05-19	19430479	Levy D	2009-05-10	Nat Genet	www.ncbi.nlm.nih.gov/pubmed/19430479	Genome-wide association study of blood pressure and hypertension.	Systolic blood pressure	29,136 European ancestry individuals	34,433 European ancestry individuals	11p15.2	11	16880721	PLEKHA7	PLEKHA7			144100			rs381815-T	rs381815	0	381815	intron_variant	0	0.26	2E-9	8.698970004336019		0.65	[0.43-0.87] mm Hg increase	Affymetrix, Illumina [2533153] (imputed)	N
2009-05-19	19430479	Levy D	2009-05-10	Nat Genet	www.ncbi.nlm.nih.gov/pubmed/19430479	Genome-wide association study of blood pressure and hypertension.	Systolic blood pressure	29,136 European ancestry individuals	34,433 European ancestry individuals	12q21.33	12	89619312	ATP2B1	ATP2B1			490			rs2681492-T	rs2681492	0	2681492	intron_variant	0	0.80	4E-11	10.397940008672037		0.85	[0.60-1.10] mm Hg increase	Affymetrix, Illumina [2533153] (imputed)	N
2009-05-19	19430479	Levy D	2009-05-10	Nat Genet	www.ncbi.nlm.nih.gov/pubmed/19430479	Genome-wide association study of blood pressure and hypertension.	Systolic blood pressure	29,136 European ancestry individuals	34,433 European ancestry individuals	12q24.12	12	111446804	SH2B3	SH2B3			10019			rs3184504-T	rs3184504	0	3184504	missense_variant	0	0.48	5E-9	8.301029995663981		0.58	[0.38-0.78] mm Hg increase	Affymetrix, Illumina [2533153] (imputed)	N
2009-05-19	19430479	Levy D	2009-05-10	Nat Genet	www.ncbi.nlm.nih.gov/pubmed/19430479	Genome-wide association study of blood pressure and hypertension.	Diastolic blood pressure	29,136 European ancestry individuals	34,433 European ancestry individuals				ULK4							rs9815354-A	rs9815354	0	9815354		1	0.17	3E-9	8.522878745280337		0.49	[0.33-0.65] mm Hg increase	Affymetrix, Illumina [2533153] (imputed)	N
2009-05-19	19430479	Levy D	2009-05-10	Nat Genet	www.ncbi.nlm.nih.gov/pubmed/19430479	Genome-wide association study of blood pressure and hypertension.	Diastolic blood pressure	29,136 European ancestry individuals	34,433 European ancestry individuals	10p12.31	10	18419869	CACNB2	CACNB2			783			rs11014166-A	rs11014166	0	11014166	intron_variant	0	0.66	1E-8	8.0		0.37	[0.25-0.49] mm Hg increase	Affymetrix, Illumina [2533153] (imputed)	N
2009-05-19	19430479	Levy D	2009-05-10	Nat Genet	www.ncbi.nlm.nih.gov/pubmed/19430479	Genome-wide association study of blood pressure and hypertension.	Diastolic blood pressure	29,136 European ancestry individuals	34,433 European ancestry individuals	11p15.2	11	16895672	PLEKHA7	PLEKHA7			144100			rs11024074-T	rs11024074	0	11024074	intron_variant	0	0.72	1E-6	6.0		0.33	[0.19-0.47] mm Hg decrease	Affymetrix, Illumina [2533153] (imputed)	N
2009-05-19	19430479	Levy D	2009-05-10	Nat Genet	www.ncbi.nlm.nih.gov/pubmed/19430479	Genome-wide association study of blood pressure and hypertension.	Diastolic blood pressure	29,136 European ancestry individuals	34,433 European ancestry individuals	12q21.33	12	89615182	ATP2B1	ATP2B1			490			rs2681472-A	rs2681472	0	2681472	intron_variant	0	0.83	1E-9	9.0		0.5	[0.34-0.66] mm Hg increase	Affymetrix, Illumina [2533153] (imputed)	N
2009-05-19	19430479	Levy D	2009-05-10	Nat Genet	www.ncbi.nlm.nih.gov/pubmed/19430479	Genome-wide association study of blood pressure and hypertension.	Diastolic blood pressure	29,136 European ancestry individuals	34,433 European ancestry individuals	12q24.12	12	111446804	SH2B3	SH2B3			10019			rs3184504-T	rs3184504	0	3184504	missense_variant	0	0.48	3E-14	13.522878745280337		0.48	[0.36-0.60] mm Hg increase	Affymetrix, Illumina [2533153] (imputed)	N
2009-05-19	19430479	Levy D	2009-05-10	Nat Genet	www.ncbi.nlm.nih.gov/pubmed/19430479	Genome-wide association study of blood pressure and hypertension.	Diastolic blood pressure	29,136 European ancestry individuals	34,433 European ancestry individuals	12q24.21	12	114914926	TBX5, TBX3	LOC107984437 - LOC102723639	107984437	102723639		77441	98216	rs2384550-A	rs2384550	0	2384550	regulatory_region_variant	1	0.35	4E-8	7.3979400086720375		0.35	[0.23-0.47] mm Hg decrease	Affymetrix, Illumina [2533153] (imputed)	N
2009-05-19	19430479	Levy D	2009-05-10	Nat Genet	www.ncbi.nlm.nih.gov/pubmed/19430479	Genome-wide association study of blood pressure and hypertension.	Diastolic blood pressure	29,136 European ancestry individuals	34,433 European ancestry individuals	15q24.1	15	74833304	CSK, ULK3	CPLX3 - ULK3	594855	25989		1509	2812	rs6495122-A	rs6495122	0	6495122	downstream_gene_variant	1	0.42	2E-10	9.698970004336019		0.4	[0.28-0.52] mm Hg increase	Affymetrix, Illumina [2533153] (imputed)	N
2015-06-23	25249183	Lu X	2014-09-23	Hum Mol Genet	www.ncbi.nlm.nih.gov/pubmed/25249183	Genome-wide association study in Chinese identifies novel loci for blood pressure and hypertension.	Systolic blood pressure	11,816 Han Chinese ancestry individuals	69,146 Han Chinese ancestry individuals	3p21.1	3	53601568	CACNA1D	CACNA1D			776			rs9810888-G	rs9810888	0	9810888	intron_variant	0	0.39	5E-8	7.301029995663981		0.53	[0.33-0.73] unit increase	Affymetrix, Illumina [2485448] (imputed)	N
2015-06-23	25249183	Lu X	2014-09-23	Hum Mol Genet	www.ncbi.nlm.nih.gov/pubmed/25249183	Genome-wide association study in Chinese identifies novel loci for blood pressure and hypertension.	Systolic blood pressure	11,816 Han Chinese ancestry individuals	69,146 Han Chinese ancestry individuals	6p21.33	6	32077074	CYP21A2	TNXB			7148			rs2021783-C	rs2021783	0	2021783	intron_variant	0	0.79	3E-9	8.522878745280337		0.68	[0.44-0.92] unit increase	Affymetrix, Illumina [2485448] (imputed)	N
2015-06-23	25249183	Lu X	2014-09-23	Hum Mol Genet	www.ncbi.nlm.nih.gov/pubmed/25249183	Genome-wide association study in Chinese identifies novel loci for blood pressure and hypertension.	Systolic blood pressure	11,816 Han Chinese ancestry individuals	69,146 Han Chinese ancestry individuals	12q24.21	12	115760536	MED13L	LOC105370003			105370003			rs11067763-A	rs11067763	0	11067763	intron_variant	0	0.62	6E-16	15.221848749616356		0.81	[0.61-1.01] unit increase	Affymetrix, Illumina [2485448] (imputed)	N
2015-06-23	25249183	Lu X	2014-09-23	Hum Mol Genet	www.ncbi.nlm.nih.gov/pubmed/25249183	Genome-wide association study in Chinese identifies novel loci for blood pressure and hypertension.	Systolic blood pressure	11,816 Han Chinese ancestry individuals	69,146 Han Chinese ancestry individuals	3p24.1	3	27507409	SLC4A7	UBA52P4 - LOC105377005	100271030	105377005		20712	5205	rs820430-A	rs820430	0	820430	intergenic_variant	1	0.32	1E-12	12.0		0.76	[0.54-0.98] unit increase	Affymetrix, Illumina [2485448] (imputed)	N
2015-06-23	25249183	Lu X	2014-09-23	Hum Mol Genet	www.ncbi.nlm.nih.gov/pubmed/25249183	Genome-wide association study in Chinese identifies novel loci for blood pressure and hypertension.	Systolic blood pressure	11,816 Han Chinese ancestry individuals	69,146 Han Chinese ancestry individuals	6p21.33	6	31364962	HLA-B	DHFRP2			729816			rs9266359-C	rs9266359	0	9266359	downstream_gene_variant	0	0.6	7E-6	5.154901959985743		0.44	[0.24-0.64] unit increase	Affymetrix, Illumina [2485448] (imputed)	N
2015-06-23	25249183	Lu X	2014-09-23	Hum Mol Genet	www.ncbi.nlm.nih.gov/pubmed/25249183	Genome-wide association study in Chinese identifies novel loci for blood pressure and hypertension.	Systolic blood pressure	11,816 Han Chinese ancestry individuals	69,146 Han Chinese ancestry individuals	1p36.22	1	10736809	CASZ1	CASZ1			54897			rs880315-C	rs880315	0	880315	intron_variant	0	0.63	6E-10	9.221848749616356		0.97	[0.66-1.28] unit increase	Affymetrix, Illumina [2485448] (imputed)	N
2015-06-23	25249183	Lu X	2014-09-23	Hum Mol Genet	www.ncbi.nlm.nih.gov/pubmed/25249183	Genome-wide association study in Chinese identifies novel loci for blood pressure and hypertension.	Systolic blood pressure	11,816 Han Chinese ancestry individuals	69,146 Han Chinese ancestry individuals	1p13.2	1	112646431	MOV10	CAPZA1			829			rs10745332-A	rs10745332	0	10745332	intron_variant	0	0.82	3E-9	8.522878745280337		0.96	[0.61-1.31] unit increase	Affymetrix, Illumina [2485448] (imputed)	N
2015-06-23	25249183	Lu X	2014-09-23	Hum Mol Genet	www.ncbi.nlm.nih.gov/pubmed/25249183	Genome-wide association study in Chinese identifies novel loci for blood pressure and hypertension.	Systolic blood pressure	11,816 Han Chinese ancestry individuals	69,146 Han Chinese ancestry individuals	4q21.21	4	80236549	FGF5	PRDM8 - FGF5	56978	2250		32220	30039	rs1902859-C	rs1902859	0	1902859	intergenic_variant	1	0.41	2E-22	21.69897000433602		1.34	[1.07-1.61] unit increase	Affymetrix, Illumina [2485448] (imputed)	N
2015-06-23	25249183	Lu X	2014-09-23	Hum Mol Genet	www.ncbi.nlm.nih.gov/pubmed/25249183	Genome-wide association study in Chinese identifies novel loci for blood pressure and hypertension.	Systolic blood pressure	11,816 Han Chinese ancestry individuals	69,146 Han Chinese ancestry individuals	4q32.1	4	155698052	GUCY1A3	GUCY1A3			2982			rs13143871-T	rs13143871	0	13143871	intron_variant	0	0.8	5E-8	7.301029995663981		0.96	[0.61-1.31] unit increase	Affymetrix, Illumina [2485448] (imputed)	N
2015-06-23	25249183	Lu X	2014-09-23	Hum Mol Genet	www.ncbi.nlm.nih.gov/pubmed/25249183	Genome-wide association study in Chinese identifies novel loci for blood pressure and hypertension.	Systolic blood pressure	11,816 Han Chinese ancestry individuals	69,146 Han Chinese ancestry individuals	10q24.32	10	102856906	CYP17A1	C10orf32, C10orf32-ASMT			119032, 100528007			rs4409766-T	rs4409766	0	4409766	intron_variant	0	0.71	6E-17	16.221848749616356		1.24	[0.95-1.53] unit increase	Affymetrix, Illumina [2485448] (imputed)	N
2015-06-23	25249183	Lu X	2014-09-23	Hum Mol Genet	www.ncbi.nlm.nih.gov/pubmed/25249183	Genome-wide association study in Chinese identifies novel loci for blood pressure and hypertension.	Systolic blood pressure	11,816 Han Chinese ancestry individuals	69,146 Han Chinese ancestry individuals	11p15.2	11	16281393	SOX6	SOX6			55553			rs4757391-C	rs4757391	0	4757391	intron_variant	0	0.28	5E-9	8.301029995663981		0.88	[0.59-1.17] unit increase	Affymetrix, Illumina [2485448] (imputed)	N
2015-06-23	25249183	Lu X	2014-09-23	Hum Mol Genet	www.ncbi.nlm.nih.gov/pubmed/25249183	Genome-wide association study in Chinese identifies novel loci for blood pressure and hypertension.	Systolic blood pressure	11,816 Han Chinese ancestry individuals	69,146 Han Chinese ancestry individuals	12q21.33	12	89666809	ATP2B1	ATP2B1			490			rs17249754-G	rs17249754	0	17249754	intron_variant	0	0.64	4E-12	11.397940008672037		1.03	[0.74-1.32] unit increase	Affymetrix, Illumina [2485448] (imputed)	N
2015-06-23	25249183	Lu X	2014-09-23	Hum Mol Genet	www.ncbi.nlm.nih.gov/pubmed/25249183	Genome-wide association study in Chinese identifies novel loci for blood pressure and hypertension.	Systolic blood pressure	11,816 Han Chinese ancestry individuals	69,146 Han Chinese ancestry individuals	12q24.13	12	112379979	ALDH2	HECTD4			283450			rs11066280-T	rs11066280	0	11066280	intron_variant	0	0.81	1E-7	7.0		0.96	[0.63-1.29] unit increase	Affymetrix, Illumina [2485448] (imputed)	N
2015-06-23	25249183	Lu X	2014-09-23	Hum Mol Genet	www.ncbi.nlm.nih.gov/pubmed/25249183	Genome-wide association study in Chinese identifies novel loci for blood pressure and hypertension.	Systolic blood pressure	11,816 Han Chinese ancestry individuals	69,146 Han Chinese ancestry individuals	12q24.21	12	115114632	TBX3	LOC102723639 - LOC105370003	102723639	105370003		9394	258879	rs35444-A	rs35444	0	35444	intergenic_variant	1	0.77	2E-7	6.698970004336019		0.83	[0.52-1.14] unit increase	Affymetrix, Illumina [2485448] (imputed)	N
2015-06-23	25249183	Lu X	2014-09-23	Hum Mol Genet	www.ncbi.nlm.nih.gov/pubmed/25249183	Genome-wide association study in Chinese identifies novel loci for blood pressure and hypertension.	Systolic blood pressure	11,816 Han Chinese ancestry individuals	69,146 Han Chinese ancestry individuals	20p12.2	20	10985350	JAG1	C20orf187			728434			rs1887320-A	rs1887320	0	1887320	intron_variant	0	0.53	1E-8	8.0		0.78	[0.51-1.05] unit increase	Affymetrix, Illumina [2485448] (imputed)	N
2015-06-23	25249183	Lu X	2014-09-23	Hum Mol Genet	www.ncbi.nlm.nih.gov/pubmed/25249183	Genome-wide association study in Chinese identifies novel loci for blood pressure and hypertension.	Diastolic blood pressure	11,816 Han Chinese ancestry individuals	69,146 Han Chinese ancestry individuals	3p21.1	3	53601568	CACNA1D	CACNA1D			776			rs9810888-G	rs9810888	0	9810888	intron_variant	0	0.39	4E-12	11.397940008672037		0.39	[0.27-0.51] unit increase	Affymetrix, Illumina [2485448] (imputed)	N
2015-06-23	25249183	Lu X	2014-09-23	Hum Mol Genet	www.ncbi.nlm.nih.gov/pubmed/25249183	Genome-wide association study in Chinese identifies novel loci for blood pressure and hypertension.	Diastolic blood pressure	11,816 Han Chinese ancestry individuals	69,146 Han Chinese ancestry individuals	6p21.33	6	32077074	CYP21A2	TNXB			7148			rs2021783-C	rs2021783	0	2021783	intron_variant	0	0.79	2E-12	11.698970004336019		0.49	[0.35-0.63] unit increase	Affymetrix, Illumina [2485448] (imputed)	N
2015-06-23	25249183	Lu X	2014-09-23	Hum Mol Genet	www.ncbi.nlm.nih.gov/pubmed/25249183	Genome-wide association study in Chinese identifies novel loci for blood pressure and hypertension.	Diastolic blood pressure	11,816 Han Chinese ancestry individuals	69,146 Han Chinese ancestry individuals	12q24.21	12	115760536	MED13L	LOC105370003			105370003			rs11067763-A	rs11067763	0	11067763	intron_variant	0	0.62	2E-18	17.69897000433602		0.51	[0.39-0.63] unit increase	Affymetrix, Illumina [2485448] (imputed)	N
2015-06-23	25249183	Lu X	2014-09-23	Hum Mol Genet	www.ncbi.nlm.nih.gov/pubmed/25249183	Genome-wide association study in Chinese identifies novel loci for blood pressure and hypertension.	Diastolic blood pressure	11,816 Han Chinese ancestry individuals	69,146 Han Chinese ancestry individuals	3p24.1	3	27507409	SLC4A7	UBA52P4 - LOC105377005	100271030	105377005		20712	5205	rs820430-A	rs820430	0	820430	intergenic_variant	1	0.32	8E-6	5.096910013008056		0.27	[0.15-0.39] unit increase	Affymetrix, Illumina [2485448] (imputed)	N
2015-06-23	25249183	Lu X	2014-09-23	Hum Mol Genet	www.ncbi.nlm.nih.gov/pubmed/25249183	Genome-wide association study in Chinese identifies novel loci for blood pressure and hypertension.	Diastolic blood pressure	11,816 Han Chinese ancestry individuals	69,146 Han Chinese ancestry individuals	6p21.33	6	31364962	HLA-B	DHFRP2			729816			rs9266359-C	rs9266359	0	9266359	downstream_gene_variant	0	0.6	2E-7	6.698970004336019		0.29	[0.17-0.41] unit increase	Affymetrix, Illumina [2485448] (imputed)	N
2015-06-23	25249183	Lu X	2014-09-23	Hum Mol Genet	www.ncbi.nlm.nih.gov/pubmed/25249183	Genome-wide association study in Chinese identifies novel loci for blood pressure and hypertension.	Diastolic blood pressure	11,816 Han Chinese ancestry individuals	69,146 Han Chinese ancestry individuals	1p36.22	1	10736809	CASZ1	CASZ1			54897			rs880315-C	rs880315	0	880315	intron_variant	0	0.63	8E-8	7.096910013008056		0.46	[0.28-0.64] unit increase	Affymetrix, Illumina [2485448] (imputed)	N
2015-06-23	25249183	Lu X	2014-09-23	Hum Mol Genet	www.ncbi.nlm.nih.gov/pubmed/25249183	Genome-wide association study in Chinese identifies novel loci for blood pressure and hypertension.	Diastolic blood pressure	11,816 Han Chinese ancestry individuals	69,146 Han Chinese ancestry individuals	1p13.2	1	112646431	MOV10	CAPZA1			829			rs10745332-A	rs10745332	0	10745332	intron_variant	0	0.82	8E-8	7.096910013008056		0.53	[0.33-0.73] unit increase	Affymetrix, Illumina [2485448] (imputed)	N
2015-06-23	25249183	Lu X	2014-09-23	Hum Mol Genet	www.ncbi.nlm.nih.gov/pubmed/25249183	Genome-wide association study in Chinese identifies novel loci for blood pressure and hypertension.	Diastolic blood pressure	11,816 Han Chinese ancestry individuals	69,146 Han Chinese ancestry individuals	4q21.21	4	80236549	FGF5	PRDM8 - FGF5	56978	2250		32220	30039	rs1902859-C	rs1902859	0	1902859	intergenic_variant	1	0.41	4E-20	19.397940008672037		0.71	[0.55-0.87] unit increase	Affymetrix, Illumina [2485448] (imputed)	N
2015-06-23	25249183	Lu X	2014-09-23	Hum Mol Genet	www.ncbi.nlm.nih.gov/pubmed/25249183	Genome-wide association study in Chinese identifies novel loci for blood pressure and hypertension.	Diastolic blood pressure	11,816 Han Chinese ancestry individuals	69,146 Han Chinese ancestry individuals	4q32.1	4	155698052	GUCY1A3	GUCY1A3			2982			rs13143871-T	rs13143871	0	13143871	intron_variant	0	0.8	6E-7	6.221848749616356		0.49	[0.29-0.69] unit increase	Affymetrix, Illumina [2485448] (imputed)	N
2015-06-23	25249183	Lu X	2014-09-23	Hum Mol Genet	www.ncbi.nlm.nih.gov/pubmed/25249183	Genome-wide association study in Chinese identifies novel loci for blood pressure and hypertension.	Diastolic blood pressure	11,816 Han Chinese ancestry individuals	69,146 Han Chinese ancestry individuals	10q24.32	10	102856906	CYP17A1	C10orf32, C10orf32-ASMT			119032, 100528007			rs4409766-T	rs4409766	0	4409766	intron_variant	0	0.71	6E-13	12.221848749616356		0.59	[0.41-0.77] unit increase	Affymetrix, Illumina [2485448] (imputed)	N
2015-06-23	25249183	Lu X	2014-09-23	Hum Mol Genet	www.ncbi.nlm.nih.gov/pubmed/25249183	Genome-wide association study in Chinese identifies novel loci for blood pressure and hypertension.	Diastolic blood pressure	11,816 Han Chinese ancestry individuals	69,146 Han Chinese ancestry individuals	11p15.2	11	16281393	SOX6	SOX6			55553			rs4757391-C	rs4757391	0	4757391	intron_variant	0	0.28	5E-9	8.301029995663981		0.49	[0.31-0.67] unit increase	Affymetrix, Illumina [2485448] (imputed)	N
2015-06-23	25249183	Lu X	2014-09-23	Hum Mol Genet	www.ncbi.nlm.nih.gov/pubmed/25249183	Genome-wide association study in Chinese identifies novel loci for blood pressure and hypertension.	Diastolic blood pressure	11,816 Han Chinese ancestry individuals	69,146 Han Chinese ancestry individuals	12q21.33	12	89666809	ATP2B1	ATP2B1			490			rs17249754-G	rs17249754	0	17249754	intron_variant	0	0.64	2E-10	9.698970004336019		0.52	[0.36-0.68] unit increase	Affymetrix, Illumina [2485448] (imputed)	N
2015-06-23	25249183	Lu X	2014-09-23	Hum Mol Genet	www.ncbi.nlm.nih.gov/pubmed/25249183	Genome-wide association study in Chinese identifies novel loci for blood pressure and hypertension.	Diastolic blood pressure	11,816 Han Chinese ancestry individuals	69,146 Han Chinese ancestry individuals	12q24.13	12	112379979	ALDH2	HECTD4			283450			rs11066280-T	rs11066280	0	11066280	intron_variant	0	0.81	3E-10	9.522878745280337		0.62	[0.42-0.82] unit increase	Affymetrix, Illumina [2485448] (imputed)	N
2015-06-23	25249183	Lu X	2014-09-23	Hum Mol Genet	www.ncbi.nlm.nih.gov/pubmed/25249183	Genome-wide association study in Chinese identifies novel loci for blood pressure and hypertension.	Diastolic blood pressure	11,816 Han Chinese ancestry individuals	69,146 Han Chinese ancestry individuals	20p12.2	20	10985350	JAG1	C20orf187			728434			rs1887320-A	rs1887320	0	1887320	intron_variant	0	0.53	2E-8	7.698970004336019		0.43	[0.27-0.59] unit increase	Affymetrix, Illumina [2485448] (imputed)	N
2009-01-14	19114657	Wang Y	2008-12-29	Proc Natl Acad Sci U S A	www.ncbi.nlm.nih.gov/pubmed/19114657	From the Cover: Whole-genome association study identifies STK39 as a hypertension susceptibility gene.	Blood pressure	542 Old Order Amish individuals	5,229 European ancestry individuals, 1,347 Amish individuals, 575 Hutterite individuals	2q24.3	2	168184876	STK39	STK39			27347			rs6749447-G	rs6749447	0	6749447	intron_variant	0	0.28	2E-7	6.698970004336019		1.9	[1.2-2.6] mm Hg increase in DBP	Affymetrix [79447]	N
2014-03-26	24001895	Kelly TN	2013-09-03	Hypertension	www.ncbi.nlm.nih.gov/pubmed/24001895	Genome-wide association study meta-analysis reveals transethnic replication of mean arterial and pulse pressure loci.	Blood pressure	22,275 East Asian ancestry individuals, 4,325 South East Asian ancestry individuals	28,783 East Asian ancestry individuals	10q24.32	10	102836092	CYP17A1	CYP17A1			1586			rs3824755-C	rs3824755	0	3824755	intron_variant	0	0.32	1E-6	6.0	(MAP)	0.5	[0.3-0.7] mm of mercury decrease	Affymetrix, Illumina [~ 2400000] (imputed)	N
2014-03-26	24001895	Kelly TN	2013-09-03	Hypertension	www.ncbi.nlm.nih.gov/pubmed/24001895	Genome-wide association study meta-analysis reveals transethnic replication of mean arterial and pulse pressure loci.	Blood pressure	22,275 East Asian ancestry individuals, 4,325 South East Asian ancestry individuals	28,783 East Asian ancestry individuals	10q24.33	10	103179458	NT5C2	NT5C2			22978			rs11191593-T	rs11191593	0	11191593	intron_variant	0	0.74	1E-6	6.0	(MAP)	0.54	[0.32-0.76] mm of mercury increase	Affymetrix, Illumina [~ 2400000] (imputed)	N
2014-03-26	24001895	Kelly TN	2013-09-03	Hypertension	www.ncbi.nlm.nih.gov/pubmed/24001895	Genome-wide association study meta-analysis reveals transethnic replication of mean arterial and pulse pressure loci.	Blood pressure	22,275 East Asian ancestry individuals, 4,325 South East Asian ancestry individuals	28,783 East Asian ancestry individuals	12q21.33	12	89666809	ATP2B1	ATP2B1			490			rs17249754-A	rs17249754	0	17249754	intron_variant	0	0.35	7E-15	14.154901959985743	(MAP)	0.8	[0.6-1] mm of mercury decrease	Affymetrix, Illumina [~ 2400000] (imputed)	N
2014-03-26	24001895	Kelly TN	2013-09-03	Hypertension	www.ncbi.nlm.nih.gov/pubmed/24001895	Genome-wide association study meta-analysis reveals transethnic replication of mean arterial and pulse pressure loci.	Blood pressure	22,275 East Asian ancestry individuals, 4,325 South East Asian ancestry individuals	28,783 East Asian ancestry individuals	8q24.22	8	134857733	MIR30D	LOC101927845			101927845			rs12541063-A	rs12541063	0	12541063	intron_variant	0	0.39	3E-6	5.522878745280337	(PP)	0.81	[0.48-1.14] mm of mercury decrease	Affymetrix, Illumina [~ 2400000] (imputed)	N
2014-03-26	24001895	Kelly TN	2013-09-03	Hypertension	www.ncbi.nlm.nih.gov/pubmed/24001895	Genome-wide association study meta-analysis reveals transethnic replication of mean arterial and pulse pressure loci.	Blood pressure	22,275 East Asian ancestry individuals, 4,325 South East Asian ancestry individuals	28,783 East Asian ancestry individuals	10q21.1	10	57964643	MRPS35P3	LOC105378314 - MRPS35P3	105378314	359779		117267	17830	rs7088591-A	rs7088591	0	7088591	intergenic_variant	1	0.97	9E-7	6.045757490560675	(PP)	1.44	[0.87-2.01] mm of mercury decrease	Affymetrix, Illumina [~ 2400000] (imputed)	N
2014-03-26	24001895	Kelly TN	2013-09-03	Hypertension	www.ncbi.nlm.nih.gov/pubmed/24001895	Genome-wide association study meta-analysis reveals transethnic replication of mean arterial and pulse pressure loci.	Blood pressure	22,275 East Asian ancestry individuals, 4,325 South East Asian ancestry individuals	28,783 East Asian ancestry individuals	13q21.1	13	55410861	MIR5007	MIR5007 - HNF4GP1	100846996	100130462		236313	585628	rs2315885-T	rs2315885	0	2315885	intergenic_variant	1	0.06	2E-6	5.698970004336019	(PP)	1.41	[0.84-1.98] mm of mercury increase	Affymetrix, Illumina [~ 2400000] (imputed)	N
